שם הסדרה,ז’אנר,שנת יציאה,אורך/פרקים,תקציר,קישורים
"כולל תקצירים וקישורים, ללא כפילויות, סדרות ייחודיות181 הרשימה כוללת.",,,,,
13 סיבות למה,,,,,קישור: https://drive.google.com/drive/folders/1JC_1PwWAlFRCN-
99 ברוקלין,,,,,קישור: https://drive.google.com/folderview?id=1tyyDV_9FTNN6- | קישור: https://drive.google.com/folderview?id=1u3vY9R0snr8aLZM6RsMuYJIb37SlgQwh | קישור: https://drive.google.com/folderview?id=1u9c5HuzZbXPlsFfvppKeV0ctBgCL6j2f | קישור: https://drive.google.com/folderview?id=1uEVfWhX5cCKeUoZGG_k1ytlxStKPM9Ej | קישור: https://drive.google.com/file/d/11Z3bTxopHE0L4IgR7o_6-ngLa7Lyso3W/view? | קישור: https://drive.google.com/folderview?id=1uQ4fwRM_LBXX5nlypNLLY5o_8xrc0V8X | קישור: https://drive.google.com/folderview?id=1uRV435kioiZ4Aj4zdeQIinui_PSMHOWt | קישור: https://drive.google.com/folderview? | קישור: https://drive.google.com/drive/folders/1BXKxUlgv2jRE2JGny9n8scg0ZmmhSbLb?
אהבה חדשה,,,,,קישור: https://drive.google.com/drive/folders/11O1rramtLW45Wcbii6gkybUWeHxyMUgB | קישור: https://drive.google.com/drive/folders/1PUI7J45oBHMed_8dr1O2QqmXFCIT_zz-עונה
אווטאר אנג,,,,,קישור: https://drive.google.com/drive/folders/1scjgbLI7HQiJ9OH8t5oQF80H9aGoassRקישור
אווטאר כשף האוויר האחרון,,,,,
"ז’אנר‪ :פנטזיה‪ ,הרפתקאות‪ ,לייב‪-אקשן 🎭 )‪ (Live-Action, Netflix, 2024אווטאר‪ :כשף האוויר האחרון​🎬",,,,,קישור: https://drive.google.com/drive/folders/1-2eMJTW8xx_Eus4Tmi2-קישור
אווטאר קורה,,,,,קישור: https://drive.google.com/drive/folders/1ifw4BCx4ZbHzRXfqr3sQ7nVxqA21RQr7קישור
אור ראשון,,,,,קישור: https://drive.google.com/drive/folders/1erStSGyjy3t9lUVUA2lvHOxAYdwzLnFL
אזהרת מסע אתונה,,,,,
"‪.העלילה מתפתחת בין רחובות אתונה לצילומים מרהיבים‪ ,תוך שילוב של דרמה משפחתית ומותחן פוליטי",,,,,קישור: https://drive.google.com/drive/folders/1bd4DA3KrXsjCNyv5KIca631QuygK-3Aq
אחד מאיתנו משקר,,,,,
"כשהמשטרה חוקרת את המקרה‪ ,מתגלים סודות אפלים על כל אחד מהם‪ ,וכל אחד הופך לחשוד‪ .סדרת",,,,,קישור: https://drive.google.com/drive/folders/15qMjOf47YU6TJBuWWolpoxyYg4msu893 | קישור: https://drive.google.com/drive/folders/17Y-YRMfGENYz8udOzJ65P6A0xdPU-kTr
אחותי קפצה כיתה,,,,,קישור: https://drive.google.com/folderview?id=1- | קישור: https://drive.google.com/folderview?id=1-5e3kz0IcsbfbcSTOFAXHDT-_meIiBsC | קישור: https://drive.google.com/folderview?id=1-JDDPykjw_4soVv41RtS_tl5kOTH0kna
איך פגשתי את אמא,,,,,קישור: https://drive.google.com/folderview?id=1vuxizz-HfOfp2tNyJLMQIKPu-PIfOEIM | קישור: https://drive.google.com/folderview?id=1AdjcOWPL6SgcoDmbbgXlLvc3PMqacEzB | קישור: https://drive.google.com/folderview?id=1zGS2WAh7-wwv8dMrr86Jdcs_Kd-utd9g | קישור: https://drive.google.com/open?id=1sPN4TliPfykiIZmyK67eV8dFLZ0U8o0T | קישור: https://drive.google.com/open?id=1g3ltGoWeBthU8tc3l5h1xNxKDv4k9Jkw | קישור: https://drive.google.com/open?id=1gU8cl29m1IH8xOxC5bMBnlrQreb_s7z6 | קישור: https://drive.google.com/open?id=10GGQwsk-NWBbrvX1GuOOXuvOjdAcuP0N | קישור: https://drive.google.com/open?id=1nWH59CONGHO-NWl53fhveq1uQ45c1d1o | קישור: https://drive.google.com/open?id=1OjFSA4zAyxXfn4LfXSnAztvFYt2uMU-U
אילת,,,,,קישור: https://drive.google.com/drive/folders/14F8CoC7OC3A4p33_shv6KzuhbgvLrCes
אינדל,,,,,קישור: https://drive.google.com/drive/folders/1RUnXI41dkl_tQ4fcAEZmkQIGz3V3x-s-קישור
איננה,,,,,קישור: https://drive.google.com/drive/folders/1DhZwydi_V0Eb6xg44PALcA9aNzG2Jncn
אל עצמי,,,,,קישור: https://drive.google.com/drive/folders/1-7F-לצפיה
אליטה,,,,,קישור: https://drive.google.com/drive/folders/18r2n9YlS29Qfx948FwdItW3_DcOV8L8Y | קישור: https://drive.google.com/drive/folders/18z9slpQuKaf1rCt2XzoME09dt9XUfq27עונה | קישור: https://drive.google.com/drive/folders/18zL-5NOLaMIaQawLyVQGhClnTJQXoP8lעונה | קישור: https://drive.google.com/drive/folders/19DX6l9McLPGKmQkq7usHGrsVpvx-ESp9עונה | קישור: https://drive.google.com/drive/folders/19KKzcyXtOxUS62SauZYlbqKoyAYHogAOעונה
אפשר,,,,,
אריות הים,,,,,קישור: https://drive.google.com/drive/folders/1AgN_1JWuOlO32MqD_QIzklEn9RhmIyGq | קישור: https://drive.google.com/file/d/1ReuY6hkvKCezODlULu14AQPI768KA- | קישור: https://drive.google.com/file/d/1NO316o2P4Ra6EpukiYDIzLUjv1IWaCEe/view | קישור: https://drive.google.com/file/d/1IGSUbn67aIefB3WtkoNtJRIScjYbrfCl/view | קישור: https://drive.google.com/file/d/1UlU9VUMCystZsbopwr-Cj67l5X6PwsF2/view | קישור: https://drive.google.com/file/d/1S27s7q9E2cqjNYFbmtnLUVHnPgkeCj-s/view | קישור: https://drive.google.com/file/d/1F3zdua_rx6-7VnIEeWom6ZPIQNqeYEem/view | קישור: https://drive.google.com/file/d/1M5IeqH4K6Mm4enzS2Rc0lL-e-skuUVzW/view | קישור: https://drive.google.com/file/d/1DYmea_aF01VjWb_YDJ3aqvdVHv- | קישור: https://drive.google.com/file/d/1THi3Cp- | קישור: https://drive.google.com/file/d/1-Ay-rrWC5EyLA30qhgYcw9UcYtDqSAOx/view? | קישור: https://drive.google.com/file/d/1- | קישור: https://drive.google.com/file/d/1-IA3tMXA5gNaCrHF1Ht1qi-VWACfHzkO/view?usp=drivesdk | קישור: https://drive.google.com/file/d/1-IhHZpuEcgOESjsVHLylez_w9ehTxfHL/view?usp=drivesdk | קישור: https://drive.google.com/file/d/1-J8AVQKO0i9rmZn4slgJ9Y-l_WNOR4xN/view? | קישור: https://drive.google.com/file/d/1- | קישור: https://drive.google.com/file/d/1-lNsVpv49UZQIWXNktGq7hmE7cDlY3oh/view?usp=drivesdk | קישור: https://drive.google.com/file/d/1-mMDCUgJ2AG2rWXBK1fPO2y2j3efdPEZ/view? | קישור: https://drive.google.com/file/d/11waTx_38XidFi9P_sR-UrVrdYsiI0GZ2/view?
אשמתי,,,,,קישור: https://drive.google.com/drive/folders/1D8DrlwzGx8oa3GdNPdPVMUpPMWJDQzJ2
באהבה קיטי,,,,,קישור: https://drive.google.com/drive/folders/15hNn1vv4i-קישור | קישור: https://drive.google.com/drive/folders/1WH9AmXjkPXaHNflz2e784mlFC-B_K6dX
באהבה קייטי,,,,,קישור: https://drive.google.com/drive/folders/1WrhWKrtU9EUvQOZLA8w1nCVQFFjBo4Fc
בובספוג,,,,,קישור: https://drive.google.com/drive/folders/1lMqAL4mR7kJyOdVdYUaIYP7ywKcAAESm
בייבי בום,,,,,קישור: https://drive.google.com/drive/folders/1ux_nNdb4VoVdJhoSERSmhRGPTp7B5CGH
בילי,,,,,קישור: https://drive.google.com/drive/folders/10D2Ph7DA58PZ-קישור
בית הנייר,,,,,
"במטרה להדפיס מיליארדי יורו תוך הישארות בתוך המבנה במשך ימים‪ .במהלך הזמן‪ ,הם מתמודדים עם",,,,,קישור: https://drive.google.com/drive/folders/1Wc9QEM-קישור | קישור: https://drive.google.com/drive/folders/1oYoh4gPbFd4XxA9uxL-Q1QqvS0KXByttעונה | קישור: https://drive.google.com/drive/folders/1kOda_KBGQF9q8835C3hzuRMHkLE7B09Z
בלקספייס,,,,,קישור: https://drive.google.com/drive/folders/14EtUTw4JJuTPE9sDBTxpRMAtBNnoUblb | קישור: https://drive.google.com/drive/folders/1leXAMSIQKDQ0iv8BOp2kM03WP5UdROcm
בני אור,,,,,קישור: https://drive.google.com/drive/folders/10x13WSlzm635YVEXhj7-ElLQIyJzm96yקישור
בעלת החלומות,,,,,קישור: https://drive.google.com/drive/folders/10iwtxC4iKPsunlniN0M7hwt6A7b2r1bF
בת השוטר,,,,,קישור: https://drive.google.com/drive/folders/1xUk6ndGHQ1D7fPri3WQEKPr6o1xMu7zQ | קישור: https://drive.google.com/drive/folders/14fnah8dgklJm5YUwjE38adUrSiEaC5nBעונה | קישור: https://drive.google.com/drive/folders/1-H-עונה
ג’יני וג’ורג’יה,,,,,
"להעניק לבתה ג’יני ולאחיה חיים יציבים‪ .אך העבר שלה מסרב להישאר מאחור‪ ,וסודותיה מאיימים להרוס",,,,,קישור: https://drive.google.com/drive/folders/16MyDdiq-קישור | קישור: https://drive.google.com/drive/folders/1HRngzsHKwDLduAIdLIW20G5ybNhVr7u7עונה | קישור: https://drive.google.com/drive/folders/1wJwWvEojbRHaCW0vH5fK1p9kyT4kSsP3
גאליס,,,,,קישור: https://drive.google.com/drive/folders/1120yf3ORibh-קישור | קישור: https://drive.google.com/drive/folders/1-פרקים
גרוויטי פולס,,,,,קישור: https://drive.google.com/folderview?id=1EyspO5WwdE0fiCqLJTpyt-קישור | קישור: https://drive.google.com/drive/folders/1uTTJz_dVDuzlwINpnoyRnsWmkqIqnqdM
דברים מוזרים,,,,,קישור: https://drive.google.com/drive/folders/1eiHGZ8GlZXBty-O7143QfDGNcPodFR21
דרדוויל נולד מחדש,,,,,קישור: https://drive.google.com/drive/folders/1buYPiuBBgxYWRTzv1U59eexfnBWgEpA8
האחיין שלי בנץ,,,,,
"והעתיד‪ .הסדרה מלאה באימוג’ים‪ ,קסמים‪ ,אהבה‪ ,תעלולים ושדים‪ .העתיד לא צפוי‪ ,וההפתעות לא",,,,,קישור: https://drive.google.com/drive/folders/1NxvgOSfA82LW55sUCSnjRAH7UU-עונה | קישור: https://drive.google.com/drive/folders/1Hm555iQiS58btQIi9wC9KEcEiGTOB99aעונה | קישור: https://drive.google.com/drive/folders/14JbuyhVGOu0VLi-5mPr0WOD4H94N0rsRעונה
האנטומיה של גריי,,,,,קישור: https://drive.google.com/drive/folders/1SGQuEYGh0KfU41Cttag7AX4qMNUDHND0
הבוגדים,,,,,קישור: https://drive.google.com/drive/folders/1HDh5eSkayIcyeXqqtfjo35o35uXFlcV5
הבורר,,,,,קישור: https://drive.google.com/drive/folders/14WDqN43-Rקישור
הבנים,,,,,
"הסדרה מציגה סאטירה חברתית וקומית לצד אלימות ואקשן‪ ,ועוקבת אחרי מאבקיהם של “הבנים”",,,,,קישור: https://drive.google.com/drive/folders/1II7_w5Iowg4SWdZba2qB806omzRFDIog | קישור: https://drive.google.com/drive/folders/1YgCsrMzL9inwd4XHsjCAIBoGZVwtZJSF | קישור: https://drive.google.com/drive/folders/17wRekV3OeYJOlIzDQRy1LcRsuIVQwZkF | קישור: https://drive.google.com/drive/folders/18ovcx6Pvwdi-Em2sl-wTgrLSy2IVAlSo
החברים של נאור,,,,,קישור: https://drive.google.com/folderviewאיכות‪ | קישור: https://drive.google.com/folderview?id=1T-OSIVo-AJp6-איכות‪ | קישור: https://drive.google.com/folderviewאיכות‪ | קישור: https://drive.google.com/folderviewאיכות‪
החיפושית המופלאה,,,,,קישור: https://drive.google.com/drive/folders/1jxSc2u1KSDonujFpX9rrNrGdUYPOjAwf | קישור: https://drive.google.com/drive/folders/1ywLdrfyyErhxEEBaEJIHt2LmxxwmI3P8 | קישור: https://drive.google.com/drive/folders/17CzlnEnMA2hw05upUPWlx4DyLiqDXsJe | קישור: https://drive.google.com/drive/folders/16SvgqdFgCcLTkJ6k85d4iEl__S63d4Wy | קישור: https://drive.google.com/drive/folders/1FrnL8b-EGlDgftPMZCgIS24kQJ0S17q- | קישור: https://drive.google.com/drive/folders/1wIRScolhjtb64j7ZmkZm9yIUG7SYwT5f | קישור: https://drive.google.com/drive/folders/1xVdPCf69ywl88QATUglBdKm1X5iqVE_b
החמאם,,,,,קישור: https://drive.google.com/drive/folders/1tU2stV5pgiEV6cvcZ7rrcYZb8xtliG9C
החץ הירוק,,,,,קישור: https://drive.google.com/drive/folders/1Fw_GIEswkZjHTOLYATHABpmW2C_p7O7Z
הטירון,,,,,קישור: https://drive.google.com/drive/folders/1YOpAb7WCTjDkXQ2iYEpjrvllSe70fV3B | קישור: https://drive.google.com/drive/folders/1nz2SAmefJ2YzjW8TKOQWsIaAQugIwEli | קישור: https://drive.google.com/drive/folders/1BRbV9CYWaVc1epQRBzOQtT1GuupQd6lG | קישור: https://drive.google.com/drive/folders/13Qqqp2fvbldmStVoibowg0NMF30c-F8V | קישור: https://drive.google.com/drive/folders/1ebDdcuV5gSLzAD41rHuGMl8J3EVGdh1p
היורשים קוריאני,,,,,קישור: https://drive.google.com/drive/folders/1a5B61-קישור | קישור: https://drive.google.com/drive/folders/1EsIOLCOECOpMT7w5aO0n_08n3Ed_EuJa
הכבוד של אשרף,,,,,
‪Esref Rüya 🎬  סוג‪ :סדרת טלוויזיה 📺 ז’אנר‪ :דרמה • אקשן • פשע • רומנטיקה   הכבוד של אשרף 🎭,,,,,קישור: https://drive.google.com/drive/folders/13LRKA2SZGSj45d3etKNNsF60AIVddKUp
הכלה מאיסטנבול,,,,,קישור: https://drive.google.com/drive/folders/1MhM2wkOF9ZdVjHQuPabNmRoBw-ty2qU8
המורדים הדור הבא,,,,,קישור: https://drive.google.com/drive/folders/1zHWawRmHiWXL9AJN-6RH_EVOnIG3HMdG | קישור: https://drive.google.com/drive/folders/1PieFgEUVTXVHTTJHgLJ9mxMNDuL8jVst
המזח,,,,,קישור: https://drive.google.com/drive/folders/1zsjUSuwknOiR9LGv7tMoS01off7I9hfQ
המטרה,,,,,קישור: https://drive.google.com/drive/folders/1_oti1Ir1wg61t5xjwkp_CzE1z6FKeSYd
המטרה אמיא,,,,,קישור: https://drive.google.com/file/d/14iVaJBXBXE1K1RnmGOwkprVNwunqAs9S/view?usp=drivesdk | קישור: https://drive.google.com/file/d/1MweXdu52mfSZ8VP-_l1FjE7zfTvkgDI9/viewפרק
המפקדת,,,,,קישור: https://drive.google.com/drive/folders/1-קישור | קישור: https://drive.google.com/drive/folders/1PYO_isIZH4oUW9vSebh8YMPta2Rn3OOb
הפיג’מות,,,,,קישור: https://drive.google.com/drive/folders/1nli5UzNrCmIAA1Rv-p5rYQMaHw0m9Zel
הפלאש,,,,,קישור: https://drive.google.com/drive/folders/1-עונה | קישור: https://drive.google.com/drive/folders/115Gr8EXT1vHV6uxmQWzFW331nYuzdA9u | קישור: https://drive.google.com/drive/folders/1-08ukEQeaqPb_BhvsbjTbvBwxdZnblsY | קישור: https://drive.google.com/drive/folders/1GeoqqlLqB0H3nPeJsavU-עונה | קישור: https://drive.google.com/drive/folders/1qlGYovbpwL_iMLTPuFePblIkY8o6rSjB
הקיץ שבו הפכתי ליפה,,,,,קישור: https://drive.google.com/drive/folders/1JPQ3DHTQ2F3uU5IJ2JEFMBCt3deXik_z | קישור: https://drive.google.com/drive/folders/1IRgOFVHlQOV0QiEELSOGwn96mkfbRbp5עונה | קישור: https://drive.google.com/drive/folders/1UMXtCXTizF44GJ2uKJjeyNYJjeuRmVrV
הקיץ של סאמר,,,,,קישור: https://drive.google.com/drive/folders/1MECUb_aOkLy56YFUs20enVaXuByMf4ut | קישור: https://drive.google.com/drive/folders/1u_6joPXPllIy9JjVoBme8aIqDrIoCABKעונה
הראש,,,,,קישור: https://drive.google.com/drive/folders/1dMxk4N86mIhTOCwwsf6AFhnDPoBI9kmz
הרץ במבוך,,,,,קישור: https://drive.google.com/drive/folders/1HsBKNw3OTJGiXXB6JJbe_NmclMNG_22z
הרשימה השחורה,,,,,קישור: https://drive.google.com/drive/folders/1__jtEVIDqFkYj-40tqLZq-8aHPJBiqlHקישור | קישור: https://drive.google.com/file/d/108UKqZGXXz77RvCZcDvHd9sYyp8cQtRl/view?usp=drivesdk | קישור: https://drive.google.com/drive/folders/12wK_c4AJ1F1wmvU1FBamVKIBDYkho2fk | קישור: https://drive.google.com/folderview? | קישור: https://drive.google.com/file/d/1RuTvoYJSmoPxIwdk-HYRhmNwWtUzWbCF | קישור: https://drive.google.com/file/d/1ZC-0f9jFJ0nRK0aA4PCeKyHxs4Z-bZwp | קישור: https://drive.google.com/file/d/1MglfCHp5k-ZpA5YTcuRfra2DFlrIGgVP | קישור: https://drive.google.com/file/d/1vNZXoCKVPVSsx-_q5z6LhdULTXZ9osOT | קישור: https://drive.google.com/file/d/1BckxWOTCU8LlLdPVrCfRL1MQxpgP4uGK | קישור: https://drive.google.com/file/d/1-leXvCUnSU2kkb3DeYPJcyd4cTCHPR7V/view?usp=drivesdk | קישור: https://drive.google.com/file/d/130oP4TUE7CzQv-1koErGmfcB78HQAyU7/view? | קישור: https://drive.google.com/file/d/1d2f3IdOlE7ghfiKJi9gpG5XgQoVfE0Ix | קישור: https://drive.google.com/file/d/1Iv3-t7eHCn5TpOl49ax8wpx-6sRSfMYc/view? | קישור: https://drive.google.com/file/d/1KXvQNCxrokii4YfzK1E8agTSXhCOESKr/view?usp=drivesdk | קישור: https://drive.google.com/file/d/1LsS9VWjVj5y0mb5JQF4M7zpzxpUjKmJr/view? | קישור: https://drive.google.com/file/d/1aEb4sQ- | קישור: https://drive.google.com/file/d/1CimDvt601JCvAAeaR1drNNADFCqnN0gJ/view?usp=drivesdk | קישור: https://drive.google.com/file/d/15mwPCkIBZ8GEoXwHD8JvTNKrDY2z8Mco/view? | קישור: https://drive.google.com/file/d/1rqYJLVJ69Du7CBwb6eY0DC51QC_8SsmQ
השוטרים,,,,,קישור: https://drive.google.com/file/d/1hcJUTIP- | קישור: https://drive.google.com/file/d/1ULpsZ5XWZipbfQm0SWgRETCqm56_ZMIg/view | קישור: https://drive.google.com/file/d/13EvRYOeXBk1YGGieFj3f1aRYMIgoK-vH/view | קישור: https://drive.google.com/file/d/14TapUcagJT5nSqmQLtqM_3Ni96COJF7k/view | קישור: https://drive.google.com/file/d/13eM5LW2vbdKzx2cIhL7q4ULcxSpk6w7Z/view | קישור: https://drive.google.com/file/d/1MYAH9FfEs9OaBwdws52d7UuiDWkI5L_g/view | קישור: https://drive.google.com/drive/folders/10jdmm543XVeOQKreBM9pUpGwaxW36U4- | עונה8: https://drive.google.com/file/d/1_Rb4la1hCvjxBI-hTeWH6XVxiXmwBk- | קישור: https://drive.google.com/drive/folders/10gDojUozFxrvbrpnz-0CTBL9gJfJfJEr
השמיניה,,,,,קישור: https://drive.google.com/drive/folders/13ZbMxH7u9d_2rpgTd2X4V1vOGw1o7zN0 | קישור: https://drive.google.com/drive/folders/1-0yzCEmiWFsTTmeG0UV2GlZ3hPEcbPFz | קישור: https://drive.google.com/drive/folders/1-6kCRz3L8SIbOVIaQcRT4jwL4-tGWDbO | קישור: https://drive.google.com/drive/folders/11zreDFK9r1VL1HhET3_UOOzQ3UVBbttd | קישור: https://drive.google.com/drive/folders/1YC-jtbRGOVo21tO2FFpB1mt2K4wJD7pv
התנתקות,,,,,קישור: https://drive.google.com/drive/folders/1MAjrQEcXMgh2kR92R1lzsUke9jf7YoQo
וואן פיס,,,,,קישור: https://drive.google.com/folderview?id=1w3G3x8gYFAi7LVhNrjTiP7-mtsZCvxDRקישור
וונדה ויז’ן,,,,,קישור: https://drive.google.com/drive/folders/1GyhBlY-bTuJby8cIR8cb036hXc_YGtRLקישור
וונסדי,,,,,קישור: https://drive.google.com/drive/folders/1-קישור | קישור: https://drive.google.com/drive/folders/1U_Yp9AEbgGpYmTtIk5mVe1BWvKpgJJji
זאב צעיר,,,,,קישור: https://drive.google.com/drive/folders/1AjOJhtZzwg_cHoJrwN7sjjT6vxX2Fm-Fקישור
זגורי אימפריה,,,,,קישור: https://drive.google.com/drive/folders/1JFrEGzrZeA_MVdmmEuxrNdSxOMSeDOrZ | קישור: https://drive.google.com/drive/folders/1a1cZh-ZZrmV7ja_2uL2M1-Kmzy8nnlR9עונה | קישור: https://chat.whatsapp.com/BWJAoStMShrJU9Lc8FqDOP?mode=gi_t
זומבים,,,,,
ז’אנר‪ :קומדיה | פנטזיה | מוזיקה ️♂‍🧟🎤🎶 🎭 )‪ (Zombies Collectionאוסף סדרת הסרטים זומבים 🎬,,,,,קישור: https://drive.google.com/drive/folders/1pOrB5T-קישור
זיגי,,,,,
"זהותו‪ .בכפר חדש‪ ,הוא יוצר דמות סודית בשם “זיגי” והופך לכוכב‪ .הסדרה עוקבת אחר מסעו של דורי",,,,,קישור: https://drive.google.com/drive/folders/1zWdIQnSbn2E2BSR1D6fabghethmZLPl6 | קישור: https://drive.google.com/drive/folders/1hBiykmymjBSOhTpCnEahYXD-LsDoYqyl | קישור: https://drive.google.com/drive/folders/1SlbppX0JYN4OLTxE-4NFviRqAB3CEj57 | קישור: https://drive.google.com/drive/folders/1S5LZ2aEw2JGaFSMc66ErpSjfEcNbUJiC | קישור: https://drive.google.com/drive/folders/1JQWyzfnIRLCemENsm61B03ijLjiG8tLy | קישור: https://drive.google.com/drive/folders/1eQdZI8JZo6CSAmHYa-oXbUYUDuhm96g5
חברים,,,,,קישור: https://drive.google.com/open? | קישור: https://drive.google.com/open?id=1yY7wK0SnWbkI2yR3VO2u3qYjzj-JmK0f | קישור: https://drive.google.com/open?id=1YOfVDq8ZBhGjumycMSpFmvuoWE2k3iL0 | קישור: https://drive.google.com/open?id=1-3jeMxwfQ5Dzwix3wszEWYBzk67vji8B | קישור: https://drive.google.com/open?id=1r_3TgbY7bBQwzfV1hWd3srF5zYvo_saL | קישור: https://drive.google.com/open?id=1qWnHxlZZ3rt-q7yIT8ovbdDZRKd6zygC | קישור: https://drive.google.com/open?id=1T7dVcha99VtS7_BHfVBS5lqH48Cyt5sQ | קישור: https://drive.google.com/open?id=1yap9VpsvuqEkTQOAh3m2Bpmv87XCPSEo | קישור: https://drive.google.com/open?id=1KAucRxlGUbT7BGDCUqHIlrFui9MS37KQ | קישור: https://drive.google.com/open?id=1sp3DvItWcllLHmWnHsiThanqyNKBThvF
חברים בחווה,,,,,קישור: https://drive.google.com/drive/folders/1vShJ1CMS5BeZA7m4RfwJ79jh8yTsmHZ0
חולי אהבה,,,,,קישור: https://drive.google.com/drive/folders/1KEFAtN3amWiexyUGYrP2XTeKTh0DoA8k
חוליגנים,,,,,קישור: https://drive.google.com/drive/folders/1-001Ik_2XtmBqZN2-קישור
חופים של סודות,,,,,קישור: https://drive.google.com/drive/folders/198su4WU9h3KJqIgcFXXd7RazhMReDN6V | קישור: https://drive.google.com/drive/folders/1YACdwDtaDme9rFlG4HRVDkWjqGMsJiz1 | קישור: https://drive.google.com/drive/folders/1A2-We0nSCYS1ZJ4zqDs-WuSZa7lEkv3pעונה | קישור: https://drive.google.com/drive/folders/13EjPX57dMazAmYonYtQzM8WJtZmjBHyC
חיי עם משפחת וולטר,,,,,קישור: https://drive.google.com/drive/folders/1YvP8Dg6vv_hxbWxx_1op8oJ8t5zSzHT | קישור: https://drive.google.com/drive/folders/13qV12SmETgWJ2qjma6LeUCdv919gID_r
חסרי בושה,,,,,קישור: https://drive.google.com/folderview?id=12yquYKM8H-קישור | קישור: https://drive.google.com/file/d/1jxlA07CNMTKwo2AJc8ghOgPprF2H_5fF/viewעונה | קישור: https://drive.google.com/file/d/1Mhk2Zq7BvZv1zPsMBBhfAtY4WcDjhFLm/viewעונה | קישור: https://drive.google.com/folderviewחסרי | קישור: https://drive.google.com/folderviewחסרי | קישור: https://drive.google.com/folderviewחסרי | קישור: https://drive.google.com/folderview | קישור: https://drive.google.com/folderviewחסרי | קישור: https://drive.google.com/folderviewחסרי
טהרן,,,,,קישור: https://drive.google.com/drive/folders/1EDEWirmOj-קישור | קישור: https://drive.google.com/drive/folders/1R4WVCYwIruGuWSGBOaY0Mf83zN7Llosiעונה
יאפא,,,,,קישור: https://drive.google.com/drive/folders/13rErDP1Iklx-קישור
יומני הערפד,,,,,קישור: https://drive.google.com/folderview?id=1-יומני | קישור: https://drive.google.com/folderview?id=1עונה | קישור: https://drive.google.com/folderviewעונה | קישור: https://drive.google.com/folderviewעונה | קישור: https://drive.google.com/folderviewעונה | קישור: https://drive.google.com/folderviewעונה | קישור: https://drive.google.com/folderviewעונה | קישור: https://drive.google.com/folderviewעונה
יופי מסוכן,,,,,קישור: https://drive.google.com/file/d/1APIqy2lYfbMEdTRWhFd2rE8SUnARxFGc/view?usp=drivesdk
יחידת המתאבדים ‪2,,,,,קישור: https://drive.google.com/file/d/1dFgDvzHSxHDiU9cyr-קישור
ילד רע,,,,,
"עברו כאסיר צעיר להווה שבו הוא קומיקאי מצליח‪ ,הנאבק בזיכרונותיו הקשים ובסודות מעברו‪ .סדרה",,,,,קישור: https://drive.google.com/uc?id=1E7Elvtg5cBIHz_O1Qg6LtCX- | קישור: https://drive.google.com/file/d/12EKFWAfsckMsB8wdADHwgW68v2pHeCCL/view | קישור: https://drive.google.com/file/d/1xxt7Ua-zXGpmWkyaiMkofr74TvqW8xMt/view | קישור: https://drive.google.com/file/d/1S9goZI2pQgME3DomrP0aO_nfE-NEhE53/view | קישור: https://drive.google.com/file/d/1mpDo1w7F_5XKXyna2dHzHOzlhyCZxAPH/view? | קישור: https://drive.google.com/file/d/1pPngP-iO0SeLV3VHZpQd5_hI7hRd7jre/view | קישור: https://drive.google.com/file/d/1Mfp5XpR9gN80X2hJtx0Rv9g-BSAXuHa5/view? | קישור: https://drive.google.com/file/d/1jLIlECUy8uz92wPiantHl0I8URQVhw05/view
ילדות סכסכניות,,ילדות סכסכניות 🎭 ז’אנר,,,קישור: https://drive.google.com/drive/folders/1ChL-
כוכב הקופים,,,,,קישור: https://drive.google.com/file/d/1wTVvxZwpm-JAw66P2tVys47wARidCNRX/view | קישור: https://drive.google.com/file/d/1NI-LQ8JW97z4ZBmMpEQAKnHUE0awFTeB/view | קישור: https://drive.google.com/file/d/18gK6z6NNn-FTmlSom7RnTksnnhcXjQNB/view | קישור: https://drive.google.com/file/d/1Wx7SfEekUN0fzbOM8R0aw4zsLrvYX3jI/view | קישור: https://drive.google.com/file/d/16a7Z4N_h5Uq4-0RJ17FpEgvakQ-9FYsR/view | קישור: https://drive.google.com/file/d/1NP_eexkviaf37ZbJ4Bsoauh2AEhLu77a/view | קישור: https://drive.google.com/file/d/1XeRKvkKcm-Qp3qmUuNrx2a7eQaUzDTkh/view | קישור: https://drive.google.com/file/d/1h1vEdXvM54-7vqVBAT7g84oHnwpXvjBm/view | קישור: https://drive.google.com/file/d/1AClVZSUV6NWPJsD_1Fz8KcWolFGO21Iy/view | קישור: https://drive.google.com/file/d/1q40FGjiubQdptBoEGgk9gtb2WpMjM8X5/view
כולנו מתים,,,,,קישור: https://drive.google.com/drive/folders/1BJmXdmq7YOsk_vCdJspGw7aGnBJfYENz
כיפת ברזל,,כיפת ברזל 🎭 ז’אנר,,,קישור: https://drive.google.com/drive/folders/1eQ2K40yWPH7ScCDTuV05xoCmSm7SISGD | קישור: https://drive.google.com/drive/folders/1G7KwMP4zyxlllpG1UnwrPwiU0GOmmFwr
כנופיית ברמינגהם,,,,,קישור: https://drive.google.com/drive/folders/1pd2-lZJ7peIlVPuke7M3SBD8qBYhvKm9
כפולה,,,,,
היא מנסה להתמודד עם האתגרים החדשים ולגלות את האמת על העבר שלה.לא מי שהיא חשבה שהיא.,,,,,קישור: https://drive.google.com/folderview? | קישור: https://drive.google.com/folderview?id=1- | קישור: https://drive.google.com/folderview?id=1- | קישור: https://drive.google.com/drive/folders/1zJGuqG5l6uxll00FIM4bSe2khR7chsax | קישור: https://drive.google.com/file/d/1poRNXCC58_XrsGgjmIBjXGf3Nc_Zn- | קישור: https://drive.google.com/file/d/1JDJ6s6awzNq0rHxFgEdd2f62yhYj2-wz/view | קישור: https://drive.google.com/file/d/1FRHXMOSRUb5GX_epOS5XnGExR2uZ-mfY/view | קישור: https://drive.google.com/file/d/100VozV9pvZ1qPflRud5EiYql_sXqWuoR/view | קישור: https://drive.google.com/file/d/1YoUQNCsS35VURcFU0jWj5K4RYGyKsF1I/view | קישור: https://drive.google.com/file/d/1c_voaPYXV2qZa1y0y9YwK5y0VHOgYgZ0/vie | קישור: https://drive.google.com/file/d/19UXcJMiT1qBDENImh0V1bzGmI_2BLTzS/view | קישור: https://drive.google.com/file/d/1WVkp3heWKb5ubKLDtlDRyqEDfbjxovX-/view | קישור: https://drive.google.com/file/d/1MZug6N_DNHDtVqpnl12FY15vHu8PJpF_/view | קישור: https://drive.google.com/file/d/1mwgbunUAkujrrJNjNUQabDriEfcSUv22/view | קישור: https://drive.google.com/file/d/1btZAmWl65jC1-4wytwGswNJrMR909uw1/view | קישור: https://drive.google.com/file/d/10O7a8-yafXHcZ2Gfv8Xi0-UpjJKL_cRB/view | קישור: https://drive.google.com/file/d/1Qh5GsHToqe0VPYSD_EOxDFKj6mVXeAQO/view | קישור: https://drive.google.com/file/d/1MJvw105WzMP-sjJUq_BMLuhqJSHNnIHB/view | קישור: https://drive.google.com/file/d/1NO12vJMrIsV5R3QfUUNpvta0f6C57H3z/view | קישור: https://drive.google.com/file/d/1VFMyW7WDRXhT1tnJIgciFD2WdWW93-eg/view | קישור: https://drive.google.com/file/d/1N3AUBcv77_WHzsXRE4BMpqMnDsqrOyWj/view | קישור: https://drive.google.com/file/d/1QVQefPdWdskSwO727EmfNJi1Smx7KLGs/view | קישור: https://drive.google.com/file/d/101-VkhAPecj-XL-teHwyuw-rVOPox4N8/view | קישור: https://drive.google.com/file/d/1ivFA_c5IZ1gHHcKAJDLRAYGmkJKyTRGM/view | קישור: https://drive.google.com/file/d/103LRripRpK-IUKO0xWBZbEpP2Ox8o3sT/view
כפולים,,,,,קישור: https://drive.google.com/drive/folders/19BIih2dh5Wz4-קישור
כראמל,,,,,קישור: https://drive.google.com/drive/folders/1-D_Mc-BLsu-Xk_c5tlA0yDTu9wTrY6X0קישור
לבד בבית,,,,,
"בבית‪ .הם מנסים להסתדר בלי עזרת מבוגרים‪ ,מה שמוביל למצבים קומיים‪ ,הרפתקאות והפתעות בלתי",,,,,קישור: https://drive.google.com/drive/folders/10jjTvd3i_qw6pFU5EUimtjwEDwvXZN9uקישור
לגו נינג’גו סדרה,,,,,קישור: https://drive.google.com/drive/folders/12EKITrohGbEikeEcKrPryeWNJcAjtD_u | קישור: https://drive.google.com/drive/folders/1f6bqmb8eBgWjaTkChZ3DyKAL-UXSJQOx | קישור: https://drive.google.com/drive/folders/1ptlO4GaBc-Qt6Wh1HE4FqiyBcJFqIpgn | קישור: https://drive.google.com/drive/folders/1wpo0DOyEszGKbuBU_NUn5F2EIud246gV | קישור: https://drive.google.com/drive/folders/1xNkXpV7yh0_kss20IUvUI_wVrJeg4wPC | קישור: https://drive.google.com/drive/folders/1yZL4ixaJwRcdMqV3t_wluojXNIKalp6I | קישור: https://drive.google.com/drive/folders/1-u_7pIvjicWEfMfrUUwEBJCpKn6OX4nv | קישור: https://drive.google.com/drive/folders/1vpEk0TGDlEOJ4synsGlQxLTCShl-zWWk | קישור: https://drive.google.com/drive/folders/1l48csHEaohXtajx3UZ9YC-VGNRGw5xhc | קישור: https://drive.google.com/drive/folders/1Z1L6ISBeE_pLSXzrzAolgO9pNzCLsyLt | קישור: https://drive.google.com/drive/folders/1Ek1__OhzNmFKf4sNTXHI490_c5yLCgeP
להיות איתה,,,,,קישור: https://drive.google.com/drive/folders/1IUsbaqEKFsN8vR0H86DmyHrXCJc5Sm9T | קישור: https://drive.google.com/drive/folders/1IgGildzbgcWTVqPM23xk2HJ-ophhZWtEעונה | קישור: https://drive.google.com/drive/folders/10kfv23KPHvJ8p6DAC8N7wOAdblSoAb8P
לוקי,,,,,קישור: https://drive.google.com/file/d/1yBpnhyATklU52dShQSukXV-קישור | קישור: https://drive.google.com/file/d/1PineoN63wkARLszYgIJf-rQyGlwm2VkE/view?t=1פרק | קישור: https://drive.google.com/file/d/11B-BszK3dKHOi2feRUMeZI0NCINmyis7/viewפרק | קישור: https://drive.google.com/file/d/1Q19D-BsUAYhogiTF4CAww3oBC7tpWDiR/viewפרק | קישור: https://drive.google.com/file/d/1-54NM7mBggwnVm_25ErLWr6usosSS00X/viewפרק | קישור: https://drive.google.com/file/d/11f-oI5d5RdX1QnMytPT7Y8vV98waWcKR/viewפרק
לוקי קייג,,,,,קישור: https://drive.google.com/folderview?id=1-קישור | קישור: https://drive.google.com/drive/folders/1BtvrUySQzg4Y1ITD1nYMmNIg6AB3Z8Z1עונה
לשרוד את הלילה,,,,,קישור: https://drive.google.com/file/d/1HoIuLr3jV2YchYmWjZG7Ti2hMLgaEtwJ/viewקישור
מה הבעיה,,,,,
"הספר שלהן‪ .בכל פרק הן מקבלות משימה חדשה‪ ,מנסות לעזור בדרכים יצירתיות ומפתיעות‪ ,ובדרך גם",,,,,קישור: https://drive.google.com/drive/folders/17G7st6yDscY-קישור | קישור: https://drive.google.com/file/d/11V3aW2R3EU7K3kejrnKlK_Zh0wRHJS9p/viewפרק | קישור: https://drive.google.com/file/d/14VqdUrfUctP_27_luF9_r8ix1xvlH_Fn/view?usp=drivesdkפרק | קישור: https://drive.google.com/file/d/14WNBEToQnJoNZjWkgA_C3KVml4mH6_w2/viewפרק | קישור: https://drive.google.com/file/d/1-AoURuTNr5M9ieOqZo1bO9pKspYVb_l8/viewפרק | קישור: https://drive.google.com/file/d/1-BIOxzD0eA4mQ3TbqCXT4FEy8zUrynLF/viewפרק | קישור: https://drive.google.com/file/d/15DsryMTIOfWl42xC4e2BoEuO7DXIncwL/viewפרק | קישור: https://drive.google.com/file/d/17trpL-zXxuEiAizFOwYyxMWtsj0VSoUh/viewפרק | קישור: https://drive.google.com/file/d/1CwBn7PlDNIG0XBF-פרק
מהיר ועצבני,,,,,קישור: https://drive.google.com/drive/folders/1xb7AMpqWmt3ASRlzsrDRI1cZDwJOquEu
מועדון הבייביסיטריות,,,,,קישור: https://drive.google.com/drive/folders/1wgwu3cVB51rVztGggRxQO4G_xVPW00m7
מטכליסטים,,,,,קישור: https://drive.google.com/drive/folders/1UjDwKHRBI2R9kL5d6ciTwvGrE087czZW
מייקל ג’ורדן הריקוד האחרון,,,,,קישור: https://drive.google.com/drive/folders/1y3eiukftYLeDgzVK9mUKWXljLKp9lGWu
מלאך משחית,,,,,קישור: https://drive.google.com/drive/folders/1B8lZzTV6_Zv1licJ4bPq87kClZ3UKIZd
מפוצלים ‪1,,,,,קישור: https://drive.google.com/file/d/1GXpJAMDSaz3g05nQgciyM1j2X-JKVWhR/viewקישור
מפוצלים ‪2,,,,,קישור: https://drive.google.com/file/d/1Q5cyzLHh01BDcHk-pTd6fbzreOn0dIjU/viewקישור
מפוצלים ‪3,,,,,קישור: https://drive.google.com/file/d/1BWoBbRoVghyye1gbtwenoy7r5xWWBUTi/viewקישור
מקיף מילאנו,,,,,קישור: https://drive.google.com/drive/folders/1f3RFrA2ryR1DQpfsd4MJZmoOVRtMdC3p | קישור: https://drive.google.com/drive/folders/1-1IdCPDxqt-GkPdSlkUigayOt8GNllQrעונה | קישור: https://drive.google.com/drive/folders/109QliYKssLK8oW2UlbJ6Bigw065sSG8gעונה
מקסטון הול,,,,,קישור: https://drive.google.com/drive/folders/17KHYNg7W2BgYKV6F7Y9OXugPTDIzohgSעונה | קישור: https://drive.google.com/drive/folders/1qHtwKwTtHGKkk5Js-R-dg8AgNIUHH9SDעונה
מרחק נגיעה,,,,,קישור: https://drive.google.com/drive/folders/102GF-קישור
)‪ (Pyramid Gameמשחק הפירמידה​,,,,,קישור: https://drive.google.com/drive/folders/1-קישור
משחקי הדיונון,,,,,קישור: https://drive.google.com/drive/folders/12eHQlfVG7e2pGzc0beoTsImtNLlQsf77 | קישור: https://drive.google.com/drive/folders/1-noYWjSxTEq-GKt3Xq3xtV-OeWeo5ZfYעונה | קישור: https://drive.google.com/drive/folders/1-8y_eq5AXyHj70BYolgLPdB2zbZhdjOhעונה
משחקי הכס,,,,,קישור: https://drive.google.com/drive/folders/1rpG2fZwNaCu-קישור
משחקי השף,,,,,קישור: https://drive.google.com/drive/folders/1doPNla6P5lr_sURjpeMKcrsf4jC4QfE6
משמר הגבול,,,,,קישור: https://drive.google.com/drive/folders/1LLx3lxQuQQbCL_iYuTRKqx84n9KeP5Ra
מתודלקים,,,,,קישור: https://drive.google.com/drive/folders/1Zt8VOHMQHM3qqxcBPdz1r7BkKyhvxb5s
מתוקים,,,,,קישור: https://drive.google.com/drive/folders/13xc6AbOGtCJml-קישור
מתחרים,,,,,קישור: https://drive.google.com/file/d/1-קישור
מתים לרגע,,,,,קישור: https://drive.google.com/drive/folders/1-לצפיה
נבסו,,,,,קישור: https://drive.google.com/drive/folders/1iFocgLF4n_FWnUhnzosmRd9pAx_vWW0N | קישור: https://drive.google.com/drive/folders/1n9ziV_PFJsxLGFUiwjWuRwUfd5Z2qJDz
נוטוק,,,,,קישור: https://drive.google.com/drive/folders/1gDzR1d6Y-קישור
נינג’גו עליית הדרקונים,,,,,קישור: https://drive.google.com/drive/folders/1TCqu2AWxfCVxHUhtCj-8qlr_tuQogkiM | קישור: https://drive.google.com/drive/folders/1qmf2mdeWGCFTXYr5vYnjHVnCxpVPuyJP | קישור: https://drive.google.com/drive/folders/106zfx5_OLyMvcHBC6i6akvKW0Xym-9grעונה | קישור: https://drive.google.com/drive/folders/16jdoyL7aX2uQXpKX6uIEnsxHA_Gbkc2tעונה | קישור: https://drive.google.com/drive/folders/1NX5Q1CWVzANdZTLu5N2NELqmy9ep31Gs
נמלטים,,,,,קישור: https://drive.google.com/drive/folders/1XQThe9yx2R5Y-קישור
נסיך הדרקון,,,,,קישור: https://drive.google.com/drive/folders/1hWvSzy4GHu_srh0vhyh816ykCAQXWF6Q | קישור: https://drive.google.com/drive/folders/1kodqsrsEs01zPTHYAaiXLWvAdv7oFTOt | קישור: https://drive.google.com/drive/folders/1ogYpvtvdq4U2nhS8WguNjPTBflFw4t7_ | קישור: https://drive.google.com/drive/folders/1B5PStLNffhKiXkQ2bDoL7bY9XrICQ76m | קישור: https://drive.google.com/drive/folders/1e6ppXc_IVD5O0IuMfPsMGG_fhGhgwDMc | קישור: https://drive.google.com/drive/folders/1xjNxrpU0sUfGsL76vsogzmUHmVJbGrzU | קישור: https://drive.google.com/drive/folders/1HGeRH2CqbEGsyAweE9aP21qaDfjHOAbw | קישור: https://drive.google.com/file/d/1wXlMzDRv6M-LZoh7u4jAWMFx0mHK7SYc/view?usp=drivesdk | קישור: https://drive.google.com/file/d/1JmCoA_LTPbl-AYB6xZB-7hHaKShfOsJB/view? | קישור: https://drive.google.com/file/d/16aAwcjPYsiXwdC6PbT_z_RB1_tUjnx4R/view?usp=drivesdk | קישור: https://drive.google.com/file/d/1lhwRSRI4p0FwfkvSUZnE6ohr0vS1YIod/view?usp=drivesdk | קישור: https://drive.google.com/file/d/17zqsZj2b2TLc_LzDNSc71LzgC11taO8I/view? | קישור: https://drive.google.com/file/d/1Foqu2qQrod0Qnnbeg7Wa_sNTU0hJ4clh/view?usp=drivesdk | קישור: https://drive.google.com/file/d/1D_kVmpmhpIJTjQQl8PCnwjo-Frp_0Ozh/view? | קישור: https://drive.google.com/file/d/1CYLcbyemI7jT6MWzk0rGroUC0FpcD8Zm/view?usp=drivesd | קישור: https://drive.google.com/file/d/1Ouaomc8TZHYFEa2BhrvICaOmliL_mJZD/view? | קישור: https://drive.google.com/file/d/1w5h_ZvoxMWnX6_FXIEWj61Kv2hxgz84t/view?usp=drivesdk | קישור: https://drive.google.com/file/d/1kbEe1xwSksjmJNTvkx2maQK6j6OmSLZ_/view? | קישור: https://drive.google.com/file/d/18lF_H6O0nmxyCfzKF85RJtEp3tTpzFMW/view?usp=drivesdk | קישור: https://drive.google.com/file/d/12IS7G7W5ThJBP0XvtO9W7b3EmFyAdbs0/view? | קישור: https://drive.google.com/file/d/13- | קישור: https://drive.google.com/file/d/1GEtqHatkQtntREVs2V5dEXmmxc6dKW6X/view?usp=drivesdk | קישור: https://drive.google.com/file/d/1FwA0MCD9973DoEcamKyz28j_KFVZeDLf/view? | קישור: https://drive.google.com/file/d/1kUy5iSD_G-Gc- | קישור: https://drive.google.com/file/d/151eV9HjmQXef0XeTHde-L-J0yeZ9Bxbz/view?usp=drivesdk | קישור: https://drive.google.com/file/d/1glpYAOVd4hfZkxvrZL8M0SRha5bm8pco/view? | קישור: https://drive.google.com/file/d/1g4_ncVEhVO04RwdU2JCSl- | קישור: https://drive.google.com/file/d/1gRwCSm5YoQucqx9LRVYvrlIwgMvGcB6T/view?usp=drivesdk | קישור: https://drive.google.com/file/d/13Dwlj1fZbFee7cJ8uVZvE7qJ6UZbG1w0/view? | קישור: https://drive.google.com/file/d/1LRrbPtlg8XhPSfN7tD3bYqEXVVyCQ- | קישור: https://drive.google.com/file/d/1Piy1TkxNrQVP9CA0Zl4LJjYakHXIQrui/view?usp=drivesdk | קישור: https://drive.google.com/file/d/1UEJSWIzslkhINkMRgSAoYyvO6Tv9MJMX/view? | קישור: https://drive.google.com/folderview? | קישור: https://drive.google.com/open? | קישור: https://drive.google.com/open?id=1DG3-7yqe-hcIfj1T_xzO6ug9GKBKXk-x | קישור: https://drive.google.com/drive/folders/1dA_k9T7cDY6EjCh7rNj8MoTbneIx1czj
נרקוס,,,,,קישור: https://drive.google.com/drive/folders/1-D7w6gRIu90bKm0_O9-
סברי מרנן,,סברי מרנן 🎭 ז’אנר,,,קישור: https://drive.google.com/drive/folders/1-3cUn7QDZX1Se- | קישור: https://drive.google.com/drive/folders/1HubqkQ_XQGY9HP9foKXS1F6bNYf5zG0I | קישור: https://drive.google.com/drive/folders/1cthazPvhHIA9FT8ywDktu16mk-8t5ERT | קישור: https://drive.google.com/drive/folders/1zSPtYWPCpB3qTYUKoALmhSUkyvbhpuf_ | קישור: https://drive.google.com/drive/folders/1zYQqYX95LaGaD7Y3vzXFuL3KqlrxvRBq | קישור: https://drive.google.com/drive/folders/1-J55lAA7j_9j6YBuSDTEk-_rDGVgn9tF
סודות הספינג’צו,,,,,קישור: https://drive.google.com/drive/folders/1ATr0FE4y-קישור | קישור: https://drive.google.com/drive/folders/1EFtrB5M2JgH8q3PW45_nzByTaV8rxo5Aעונה | קישור: https://drive.google.com/drive/folders/1Fsvq_gvg2yZX1ABcvogsKPhumKLt4X_7עונה | קישור: https://drive.google.com/drive/folders/1EIsUpxrELkEX4IrVy8beyyyknxcQn9m9עונה | קישור: https://drive.google.com/drive/folders/15As6BjEqa5Aet-Ua43LkNFqm2vKJDAYdעונה
סוכן הלילה,,,,,
"אותו לחקירה שבה הוא מגלה בגידה ברמות הגבוהות ביותר של הממשל‪ .כעת‪ ,עליו להגן על אישה",,,,,קישור: https://drive.google.com/drive/folders/1iJRm1eEqY5Bkqmq5FwEJregY9ib44796 | קישור: https://drive.google.com/drive/folders/1-01he0zafoD0aN-1OgyWMjX6hNdh5x35עונה
עושים צחוק,,,,,
עושים צחוק 🎬,,,,,
ז’אנר‪ :דרמה קומית 🎭,,,,,קישור: https://drive.google.com/drive/folders/1bKmGLem9hgCYIyfC4DTDZq4lhUBPeQxe
עלומים,,,,,קישור: https://drive.google.com/drive/folders/1SrK6QdRfqySVRRIzK93Yh-קישור
עספור,,,,,קישור: https://drive.google.com/drive/folders/19mGxe9KvM2V7vEbepwXw01kF2bURZf9o | קישור: https://drive.google.com/drive/folders/19y-j_qwa7f3iRrgcCdaqOY5TaZmpZoztעונה
פאודה,,,,,קישור: https://drive.google.com/drive/folders/10GCq4UYC53-קישור | קישור: https://drive.google.com/file/d/1ozMQpvckJgxEAQvswoevyzqrVLAMooNO/viewעונה
פו הדב דם ודבש ‪2,,,,,
פו הדב דם ודבש ‪🎬 2,,,,,
"ז’אנר‪ :אימה‪ ,מתח‪ ,רוע 🎭",,,,,קישור: https://drive.google.com/file/d/1n4FMxJ_kfa1OnSIrG6hY9lwiQ1SUhtJv/view?usp=drivesdk
פול ספיד,,,,,קישור: https://drive.google.com/drive/folders/1FQycjvXUmGAD5r9yO0bNyrXSw1UyFGoh | קישור: https://drive.google.com/drive/folders/1b9eHyUiYg-Wd0GXCmfmnQh6l2LCpxwD-עונה
פולאאוט,,,,,קישור: https://drive.google.com/drive/folders/1toysMWs4KN6YtMkCCqJkRayxjEscq5h-
פטריק,,,,,קישור: https://drive.google.com/file/d/1BjzeaJx6Z5vlA3e1XqVSatDs09YVz- | קישור: https://drive.google.com/file/d/1x_HngHwGRX_TwF0rA74RiFGwyLt0UU4-/view? | קישור: https://drive.google.com/file/d/1iusVcMH6nWavNy84v4irSTq0Yj_7B49a/view | קישור: https://drive.google.com/file/d/1H4AHS0e4lSDjXcndkyaxsjTE0DIH-m0Y/view? | קישור: https://drive.google.com/file/d/1VGb9dIlWi1g0ScKeKBVMTwFMzhMdpv8I/view?t=2 | קישור: https://drive.google.com/file/d/1eldq1xp4wbIz4umCdiklTXQy1Ut_Ln40/view?usp=drivesdk | קישור: https://drive.google.com/file/d/1TvJ1mKNVh3pq4vTbXcugqLjf1GerhKdA/view? | קישור: https://drive.google.com/file/d/168ypX56m94coYwtnqiX4byh0FAE9fygT/view? | קישור: https://drive.google.com/file/d/106MXYUJ-AkWD9NSGiiZ1ILZNrOZu8fSz/view? | קישור: https://drive.google.com/file/d/1CF8VsbfZelG8MnEDPbhs0qpKxMNE0l1b/view?
פלמ”ח,,,,,קישור: https://drive.google.com/drive/folders/1VgqW-O16-
פצועים בראש,,,,,קישור: https://drive.google.com/drive/folders/1JBPfaA1sjRqKhWTm6bmZLGX1XfNHTIfG | קישור: https://drive.google.com/drive/folders/1-8rCU6gxpvIEOMfbDa3ZmvNzccy1aop0עונה
פרסי ג’קסון,,,,,קישור: https://drive.google.com/file/d/1aKAWTbEFO0CNL1Ik3h2lNqtRFgwNxPHJ/view | קישור: https://drive.google.com/file/d/1Q83_RGWaPvcguPTPA3xxTMxPVU6EfGT7/view | קישור: https://drive.google.com/drive/folders/17ibv-8GGEt15zQszyeGliIgkhMV_pG8Jסדרה | קישור: https://drive.google.com/drive/folders/1cs1hL6EG3lTev7PrVQDiDtkZHtCHsIYTסדרה
פרפר,,,,,קישור: https://drive.google.com/drive/folders/1AJjBLEIP-
צבי הנינג’ה,,,,,קישור: https://drive.google.com/file/d/1Q-
צומת מילר,,צומת מילר 🎭 ז’אנר,,,קישור: https://drive.google.com/drive/folders/1z- | קישור: https://drive.google.com/file/d/1NT_ztgy3yDIRSS8cMb1VOnnAdqHdV9M2/view | קישור: https://drive.google.com/file/d/1mVemv0YKj07xTV3AGs6W5XnnBRr9eBhd/view | קישור: https://drive.google.com/file/d/1SYIIklNr_DScdT_GK02l9y5ZAlg5bC_O/view | קישור: https://drive.google.com/file/d/1RF3AAWKvNiXvTdjUgBgtuUdsxuFrOaEt/view | קישור: https://drive.google.com/file/d/1JPR7nJo_8aq93O2FGrek-sMg7NuH5rQa/view | קישור: https://drive.google.com/file/d/1da8p3wrqW2QsWl8Qc-wOPs82_cWWtTUS/view | קישור: https://drive.google.com/file/d/1pKuQY2i5dc2IiURiX7ANvuCAfeGSvxpK/view | קישור: https://drive.google.com/file/d/1Xp6va1ThBVRraG0LJXINuh901L4ZTrcf/view | קישור: https://drive.google.com/file/d/1A87FWFoxT6iuvhhXmxo8-kKtiFo0sb7U/view | קישור: https://drive.google.com/file/d/1F97P1TFMSc5_jjsHnn4B3qfvWJObhgVN/view | קישור: https://drive.google.com/file/d/1k9tT4xVVUFg8BoonQshMFC01eBYhStki/view | קישור: https://drive.google.com/file/d/1MW82L5fTb4msPv0yaB-ip4bCLdP5QcWn/view | קישור: https://drive.google.com/file/d/1Rgsr8v06dg7ARy5JZpr1o22w3YQYZSDN/view
צפוף,,,,,קישור: https://drive.google.com/folderview? | קישור: https://drive.google.com/folderview? | קישור: https://drive.google.com/folderview?id=1sH0gcihsv98GQJ6Hc27vnhY7e9WC7xa8 | קישור: https://drive.google.com/folderview?id=1dk1Fz-hNBS5lUXBxFEu-nm5EKASKI3Iz | קישור: https://drive.google.com/drive/folders/1fYftzAXrUuih4TAQ-VAwCVwcTdd6QJsY | קישור: https://drive.google.com/file/d/17FLij9- | קישור: https://drive.google.com/file/d/1STDS3qwmkRIyF54t4T8hONoVIJCn9PW9/view | קישור: https://drive.google.com/file/d/1xLCq8S6frP7cyB9gaB72k1jE9tPLbqWk/view | קישור: https://drive.google.com/file/d/1oUL-Tl5jFIxtc8_MeaBYG43fajIjiHcc/view | קישור: https://drive.google.com/file/d/1Uy7iZzgvf3mN7cnxGHt3Pq90K91d6jr_/view | קישור: https://drive.google.com/file/d/1JMbCU15z9Mb_xHeV_JudZkA0XUJzks0S/view | קישור: https://drive.google.com/file/d/1ay3YtZddRlREmd3jJGOsavKdcZbYGHpJ/view | קישור: https://drive.google.com/file/d/1NVHLA-ONAw8oPCaegDysuyvQBZb-Of7y/view | קישור: https://drive.google.com/file/d/19SWWzWXi34SeJjq4Ebq0UrGraDTNNXeG/view | עונה10: https://drive.google.com/file/d/1wPS7NqzE7TP- | קישור: https://drive.google.com/file/d/1QOI8Y- | קישור: https://drive.google.com/file/d/1pJLfuZPMvIQxIT-rjKCf5Cwi-NX0SV3-/view | קישור: https://drive.google.com/file/d/14l1iLpKvOhaspOZW8SiZ6ai9ySOFrhSm/view? | קישור: https://drive.google.com/file/d/1zjLBFTJRszRrTb0 | קישור: https://drive.google.com/file/d/1HP7lhGL5OANSzMbI04ZD5BNHDhJFQxeT/view? | קישור: https://drive.google.com/file/d/1PASO2hzOfDNLSunBNMtcVCFNZYxLE3wY/view? | קישור: https://drive.google.com/file/d/1Y6BurTNAhgqFhd65iDDd7q9wkZpkbQb3/view? | קישור: https://drive.google.com/file/d/1XBujHaUw49b3K5-3CRNv8bxhoW-wUkh4/view? | קישור: https://drive.google.com/file/d/1RzIKtq2J1yU3HbEqo-UroVWl1XzslUKo/view? | עונה10: https://drive.google.com/file/d/1IKhV2N_mq1Rs4lXbubvEJP78sb1- | קישור: https://drive.google.com/file/d/1PaUvX2gL1DXLX4pDYIm9_ESccSXtqF6r/view?usp=sharing | קישור: https://drive.google.com/file/d/1bHZsrJFapyEHWWhBrO4pRN4A2fcTmryM/view? | קישור: https://drive.google.com/file/d/1RJAotlr7DGa-pyO7Q8Z5_ZwQ8yOcb5HN/view? | קישור: https://drive.google.com/file/d/1wPNKBcuq3X2nPIPqaaBT2gxwaHobmWdl/view? | קישור: https://drive.google.com/file/d/1-5rvzBEf0ZAMU3Fw-IAkZgXWpNERIpSv/view? | קישור: https://drive.google.com/file/d/1R78R1-WpHLCMGMxcRa8HgKCybu7ygVFv/view? | קישור: https://drive.google.com/file/d/1abjf3z1a9QUVID5lG7iK3OptYg_ImWCD/view? | קישור: https://drive.google.com/file/d/1YrX2EMOUpc6j4cj5XOInerph6JjrazmD/view? | קישור: https://drive.google.com/file/d/1FcYboGmHGWzqWkFkvp5N1_pSvOokQNMP/view? | קישור: https://drive.google.com/file/d/1lAABGa9AFGzIR3I0zZNFCMsTArOGw7Vw/view?usp=sharing | קישור: https://drive.google.com/file/d/1m7hzHuvtfOA4_FeSACMhD62GWi8TxT5V/view?usp=sharing | קישור: https://drive.google.com/file/d/1toV46jXFHCFRAWjLD8iUqGaCyH18ug4N/view? | קישור: https://drive.google.com/file/d/1MFnOQD0qAyI7OtwlRvJ2z1TbGIaLYMWo/view? | קישור: https://drive.google.com/file/d/18EUnfMqlqF22M03WAjA3I2XCeuTuEKul/view? | קישור: https://drive.google.com/file/d/1omfUGRP0tbrm1OBCK7sVWqpHonP_DU2-/view? | קישור: https://drive.google.com/file/d/11ZU_67UGbiMY8Uk481DXI6Utuxv0beul/view? | קישור: https://drive.google.com/file/d/1MID3znVpCIDPpRFzpNhHPw2xgZrl0GU4/view? | קישור: https://drive.google.com/file/d/1hATvo7Uu_cZg13_XgOzKALcFearGKjky/view? | קישור: https://drive.google.com/file/d/1Vi-CSety5wTaiOJRVvtQQSPtkWsWWBqD/view? | עונה10: https://drive.google.com/file/d/1QevYYmloJ0wz24zggo- | קישור: https://drive.google.com/file/d/1eZHqjen8zyT58CiFuy53UfWa6kdIimWY/view?usp=drivesdk | קישור: https://drive.google.com/file/d/1e9GYC2AwkqOXkysT_8ve1YOQi3H4jCcn/view? | קישור: https://drive.google.com/file/d/1lgCFTLnw-f_aze_dl4pRrguE66WMyDyK/view? | קישור: https://drive.google.com/file/d/1xstnJ8YQeDk_8UI4_0YaMUuZZCoNt3yr/view? | קישור: https://drive.google.com/file/d/1Eb4AUCJNGXvTMlaQBfqlA8N7UJQraVsM/view? | קישור: https://drive.google.com/file/d/1LCBCx5WUyG7N2W9-Vw52Z8NSKEh0yJK-/view? | קישור: https://drive.google.com/file/d/1fUeAf62oqE7rzm6kh0Q-vBoBGupHfTpS/view? | קישור: https://drive.google.com/file/d/13piSLBYNh7uhItAKtvHwW_McyceLNLSt/view? | קישור: https://drive.google.com/file/d/1MS5OZnRZnkMPt4NOg4tu4vl81wiknZVg/view? | קישור: https://drive.google.com/file/d/1233FyIWsiX9_0wY1_OGRGttuhJvWNhjG/view?usp=drivesdk | קישור: https://drive.google.com/drive/folders/19PMcOcFrB2uzPfAkIZkjNQRnNrb5QMuB | קישור: https://drive.google.com/drive/folders/1-3m0JXH3DwDvs47r2sm_Nu4e-פרקים
קוגל,,,,,קישור: https://drive.google.com/drive/folders/1a0zFPARGXL-קישור
קופה ראשית,,,,,קישור: https://drive.google.com/drive/folders/18X3u9aAfOqxQ-u_eW5-XdX59-קישור
קופיקו,,,,,קישור: https://drive.google.com/drive/folders/1bE6ivPtIR52Bimff7h3PeL_D-1uJ3P_Mקישור
קטורזה,,,,,קישור: https://drive.google.com/drive/folders/1jVQbFojkoDD2204XgD4lj_eGXfylLI_t
רוני ותום,,,,,קישור: https://drive.google.com/drive/folders/1MntZUKws1HbMyY2UgnKBj55bdd7yogCs | קישור: https://drive.google.com/drive/folders/1-עונה | קישור: https://drive.google.com/drive/folders/1-D9CaZRDJxnjDQZxta6E-עונה | קישור: https://drive.google.com/drive/folders/1hEL4UkTBqhCKJsoXGLIv4f1RRZQt634i?usp=sharing | קישור: https://drive.google.com/file/d/1IJdvTIcAjk3xjmc8WlSyklYB25g972es/view | קישור: https://drive.google.com/file/d/1I3WwYYs49B_kTYPKm2FPY5blu1iyDCDD/view?usp=drivesdk | קישור: https://drive.google.com/drive/folders/1iakMk3OQnxeytGRs8sWAASozpAhUwtW9 | קישור: https://drive.google.com/drive/folders/1idxVwD93AWdN7SuP4HMK_WiMkbeBSJXO | קישור: https://drive.google.com/uc? | קישור: https://drive.google.com/file/d/1Tr9jQG24szFpR5slZoHDqgbNPpQjWDhz/view?usp=drivesdk | קישור: https://drive.google.com/uc? | קישור: https://drive.google.com/file/d/1CVUUlMtwCp3sENwovBNDBiaZzlMrlmGZ/view?usp=drivesdk | קישור: https://drive.google.com/uc? | קישור: https://drive.google.com/file/d/1MSecimQYP1iXmuTbrO0xJJzKM8anGSBp/view?usp=drivesdk | קישור: https://drive.google.com/file/d/1llgWXqOZHjy7SkdOFhoJxy4fhstoW9ss/view? | קישור: https://drive.google.com/file/d/1JxeozbUM7mrHafdzkB4- | קישור: https://drive.google.com/uc?id=1JOjGPDUc6c- | קישור: https://drive.google.com/file/d/14JR5QzmeLwhVgp35tPN1XEO-9vQlaE9H/view?usp=drivesdk
רמזור,,רמזור 🎭 ז’אנר,,,קישור: https://drive.google.com/drive/folders/0B6vB20YfIL4GcDRRWU9pUm1GLVU?
שבאבניקים,,,,,קישור: https://drive.google.com/drive/folders/1IN_ejClkWSivLwWuDGgdovKiTwWXwEXK | קישור: https://drive.google.com/drive/folders/1zndIlw1OshHsLONrGfWIuHBTYL48LuzG | קישור: https://drive.google.com/drive/folders/14oRXRGybRqw5a1XAzI3Z-עונה
שובר שורות,,,,,קישור: https://drive.google.com/open?id=1Qgn4yZDSaXXzB4oUBPO_O7qRF7QChnyU | קישור: https://drive.google.com/open?id=1CGSQqiT9Ky58kH3kENwRu-3YTdxXs7ua | קישור: https://drive.google.com/file/d/1Yd18cyiEmttpwxnow5DIKjEkFAzpNy8g/view | קישור: https://drive.google.com/open?id=1FA2EcWDJ7wSKCEUXEV9zvOBLikdzD9mx | קישור: https://drive.google.com/folderview?id=1TY_5aBmz0pVHiHTQC5ecB9LfOnUZVPys | קישור: https://drive.google.com/folderview?id=1aQZQdWW0AoUuhxMh7izdaiB7iO7HyGW3
שטח,,,,,קישור: https://drive.google.com/drive/folders/12rAoiYKY9TJPjeYitviPDHAcbZH2bBxBקישור
שכונה,,,,,קישור: https://drive.google.com/drive/folders/19bPwxamKtKcD0PM4CVAEq50XvOM32KJ6 | קישור: https://drive.google.com/drive/folders/19T7YGCnSSMbOpNc1ZR0Lvqdz3DJwmRED | קישור: https://drive.google.com/folderview? | עונה40: https://drive.google.com/folderview? | קישור: https://drive.google.com/file/d/1Ukn0eZoHlE0cwQTGHKCwtZvYzZ4abhSr/view
6 שלומי,,,,,קישור: https://drive.google.com/drive/folders/1sAhmalRfZ7Ih62-QMvyrNw1vASXjDsDo
80שנות ה,,,,,קישור: https://drive.google.com/drive/folders/1- | קישור: https://drive.google.com/file/d/13Kiu6nCuCjs3fCcmYP6v3VdWcHFvqLU-/view?usp=drivesdk | קישור: https://drive.google.com/file/d/1hNoI1V2T4tPXvr7xtv0C-tGnc7gCaLK_/view | קישור: https://drive.google.com/file/d/1bTaIkOi0BXww4cdSlaeShtzP_Zw4Qs0u/view | קישור: https://drive.google.com/file/d/15JeDWCFW1RRNyhhLaco5Sgh-59X8UG0i/view? | קישור: https://drive.google.com/file/d/1-p5zWi7WNxUTp2ZevVYQh7pEB6cNpUah/view | קישור: https://drive.google.com/file/d/1sr338-P8EqFLjn6O94QE3xXrEfZWpDmi/view | קישור: https://drive.google.com/file/d/15Cc9ij1JFTd_zR9yUP7EjiWMxOvCjkqN/view | קישור: https://drive.google.com/file/d/1dItEpZaxAAK2jV4oM2IZkv2afmGCNay0/view | קישור: https://drive.google.com/file/d/1OCEqrIfF0epVPD_gyBPM4zF1qStCeLqf/view
שנות התשעים,,,,,קישור: https://drive.google.com/drive/folders/1fEOLx7kYQceBfdoQO6ysHeI0Hbpttrxgקישור
שעת נעילה,,,,,קישור: https://drive.google.com/file/d/1bDVUGgAj9dRxPKdi_mFJTtSSl6ylrmcI/view | קישור: https://drive.google.com/file/d/1W1QS4gBZ2sYu2aEPzFuHw07br-YWXqA-/viewפרק | קישור: https://drive.google.com/file/d/1N1N1eQRAys0mu9LmbyppN4f6N2zwJ-m0/viewפרק | קישור: https://drive.google.com/file/d/1eFvAqzt1YucbcouCyjRYXdgme2bPhiMF/viewפרק | קישור: https://drive.google.com/file/d/11BAWXimLacPtCgLNUVtKSk4c4qYYbaAz/viewפרק | קישור: https://drive.google.com/file/d/1lByPkQ-YiAyfzK7yqcJWImVb5Q8lxic1/viewפרק | קישור: https://drive.google.com/file/d/1PhYJH77o9i-4JMZZJL1bu6FMi–eMqra/viewפרק | קישור: https://drive.google.com/file/d/1aGmVzojuTq_x3NpCHxd5himh1VLeyksa/view
שקשוקה,,,,,קישור: https://drive.google.com/drive/folders/1-UJsgm0EczqLCAgsqegJjQCl5txjyzqa | קישור: https://drive.google.com/drive/folders/16Cbrif_USgBxPlxKN8E5LM0KpFEOt9Do | קישור: https://drive.google.com/drive/folders/16u0tvHhNCQT8RIHdeOHbUI_Rp0J1drI5 | קישור: https://drive.google.com/drive/folders/1RIndRfmAcjcAPNmiMrS0m4xsC4JSQNAk
תאגד,,,,,קישור: https://drive.google.com/drive/folders/1orirsl-bhOuJNwt-קישור | קישור: https://drive.google.com/file/d/1dpljsa-פרקים | קישור: https://drive.google.com/file/d/12WKrZXDQI-4UUw9nb-עונה | קישור: https://drive.google.com/drive/folders/11yiGf5Ug0pRd2YcdQpoTCGP3USwF2rOS
תיכון הלבבות השבורים,,,,,קישור: https://drive.google.com/drive/folders/1JsNB4ce8lXM3X-קישור | קישור: https://drive.google.com/drive/folders/1WARRtMZJrrwP9nBx5wvLaoHL58_TYOEC
